Model,Accuracy,Precision,Recall,F1,F2,ROC-AUC,PR-AUC,Brier
Baseline (Majority),0.6728110599078341,0.0,0.0,0.0,0.0,0.5,0.3271889400921659,0.3271889400921659
Baseline (Stratified),0.5898617511520737,0.36363636363636365,0.3380281690140845,0.35036496350364965,0.34285714285714286,0.5251784680686861,0.3395091959380919,0.41013824884792627
Logistic Regression,0.5806451612903226,0.4074074074074074,0.6197183098591549,0.49162011173184356,0.5612244897959183,0.6574377773490256,0.5228241417913754,0.22707466081981778
Random Forest,0.6267281105990783,0.43243243243243246,0.4507042253521127,0.4413793103448276,0.44692737430167595,0.6217441636118078,0.4355185630041499,0.2172475831281234
XGBoost,0.663594470046083,0.48333333333333334,0.4084507042253521,0.44274809160305345,0.42151162790697677,0.6399768473856838,0.47375730769290647,0.2291062923998917
LightGBM,0.6359447004608295,0.44285714285714284,0.43661971830985913,0.4397163120567376,0.4378531073446328,0.647404977812078,0.5051782450687714,0.2303057171129037
